coin,date,level,mean_markout_bp,n_fills,n_opportunities
ARB,20230519,1,-0.5372241195071399,141,503943
ARB,20230519,2,0.18086185245574107,47,503943
ARB,20230519,3,-4.996636054678536,17,503943
ARB,20230519,4,-0.3301679283342548,10,503943
ARB,20230519,5,0.6953115293524069,12,503943
ARB,20230528,1,-0.4550864499631246,214,481640
ARB,20230528,2,-2.0877427406282507,100,481640
ARB,20230528,3,-2.3274869551311825,37,481640
ARB,20230528,4,1.2110825547304644,22,481640
ARB,20230528,5,-1.1292964170020525,14,481640
ARB,20230609,1,-1.3663532179665465,105,432086
ARB,20230609,2,-2.4619826830377547,64,432086
ARB,20230609,3,-1.766224443970816,19,432086
ARB,20230609,4,3.84626172185488,10,432086
ARB,20230609,5,-5.802138826854425,4,432086
ARB,20230615,1,-1.377038001765842,263,592776
ARB,20230615,2,0.8060509283194893,85,592776
ARB,20230615,3,1.5054984874539799,23,592776
ARB,20230615,4,8.59906691143908,12,592776
ARB,20230615,5,12.139482999796282,7,592776
ARB,20230618,1,-0.7685442161278573,253,502101
ARB,20230618,2,-2.992122151478256,87,502101
ARB,20230618,3,7.7161219147625655,34,502101
ARB,20230618,4,2.662673669432312,19,502101
ARB,20230618,5,10.238906704967611,11,502101
ARB,20230706,1,-0.840383464927823,378,558953
ARB,20230706,2,1.191809517174548,106,558953
ARB,20230706,3,0.31720032850962054,62,558953
ARB,20230706,4,3.0985341283154186,25,558953
ARB,20230706,5,8.382500466008839,11,558953
ARB,20230823,1,0.14702605784589104,119,452683
ARB,20230823,2,1.421299532264952,32,452683
ARB,20230823,3,4.4783537191020235,10,452683
ARB,20230823,4,-1.1339037507198733,8,452683
ARB,20230823,5,2.5218762758398214,3,452683
ARB,20230907,1,-2.6800150892792773,80,433630
ARB,20230907,2,-4.379832135874607,12,433630
ARB,20230907,3,1.091360915051435,4,433630
ARB,20230907,4,0.548095368594075,1,433630
ARB,20230907,5,,0,433630
ARB,20231022,1,-2.5911787088931573,153,526445
ARB,20231022,2,-2.3336328006526803,45,526445
ARB,20231022,3,-8.92667343738469,20,526445
ARB,20231022,4,5.055413755068077,12,526445
ARB,20231022,5,34.551803267516505,5,526445
ARB,20231106,1,-0.8076829266305277,569,635477
ARB,20231106,2,-0.7799691352890847,231,635477
ARB,20231106,3,-1.479922745625622,119,635477
ARB,20231106,4,2.850661610219855,83,635477
ARB,20231106,5,0.25092890793741396,64,635477
ARB,20231109,1,-3.9918268319634023,2789,668667
ARB,20231109,2,-6.012627671340989,1318,668667
ARB,20231109,3,-11.778805697609782,884,668667
ARB,20231109,4,-7.064366242094703,617,668667
ARB,20231109,5,-10.636738780314886,423,668667
ARB,20231224,1,-0.20349612431779546,1106,602108
ARB,20231224,2,0.6205492706614828,512,602108
ARB,20231224,3,0.0624691495031797,342,602108
ARB,20231224,4,1.6736505112264326,231,602108
ARB,20231224,5,3.291574064067105,193,602108
ARB,20240105,1,0.9247675867750339,2857,696234
ARB,20240105,2,1.9736883175002817,1143,696234
ARB,20240105,3,2.4370528561649145,836,696234
ARB,20240105,4,3.281124825016717,648,696234
ARB,20240105,5,3.7480330741003955,513,696234
ARB,20240111,1,-0.919522980870596,4440,753131
ARB,20240111,2,-0.763639461277926,1790,753131
ARB,20240111,3,0.08221809470376844,1059,753131
ARB,20240111,4,0.016947066847962544,838,753131
ARB,20240111,5,-0.28443143608440613,721,753131
ARB,20240117,1,-0.5925146637667115,991,612328
ARB,20240117,2,-0.6666497054711458,331,612328
ARB,20240117,3,0.11995841078535222,185,612328
ARB,20240117,4,0.22709768180751294,122,612328
ARB,20240117,5,0.24740423023322444,112,612328
ARB,20240201,1,-0.25416097912705804,825,601530
ARB,20240201,2,0.2667802284764917,240,601530
ARB,20240201,3,-0.7205112380512546,117,601530
ARB,20240201,4,0.007676350733089184,95,601530
ARB,20240201,5,-1.364950425852359,70,601530
ARB,20240510,1,0.05363543866948642,524,605622
ARB,20240510,2,-1.5877557626209613,120,605622
ARB,20240510,3,0.7218150897178321,79,605622
ARB,20240510,4,2.05917200422576,55,605622
ARB,20240510,5,0.8919657924802633,35,605622
ARB,20240612,1,0.19857472704840828,1072,621840
ARB,20240612,2,0.9498144471531329,374,621840
ARB,20240612,3,2.195304170180383,228,621840
ARB,20240612,4,6.067060617633525,148,621840
ARB,20240612,5,4.9816220446651585,100,621840
ARB,20240721,1,-0.5019188967135276,493,598601
ARB,20240721,2,-0.8556381383224013,98,598601
ARB,20240721,3,2.848003521535063,60,598601
ARB,20240721,4,2.601909420654367,34,598601
ARB,20240721,5,2.429482812067435,23,598601
ARB,20240808,1,-0.12337161822423459,992,743059
ARB,20240808,2,2.5629739526716793,83,743059
ARB,20240808,3,-3.209208423174428,28,743059
ARB,20240808,4,4.24373449689256,16,743059
ARB,20240808,5,10.923206837729785,12,743059
ARB,20241007,1,-0.6901055772517115,302,671926
ARB,20241007,2,0.2115737846268676,57,671926
ARB,20241007,3,0.46366198415226445,25,671926
ARB,20241007,4,3.1372027801255316,16,671926
ARB,20241007,5,4.986230007621179,10,671926
ARB,20241118,1,0.0692414974307433,1230,719179
ARB,20241118,2,1.8773565871612448,309,719179
ARB,20241118,3,4.653666240872869,145,719179
ARB,20241118,4,4.106729939082279,82,719179
ARB,20241118,5,1.5588936778084301,52,719179
ARB,20241224,1,-1.1659473998046896,729,761685
ARB,20241224,2,0.6485133847152026,138,761685
ARB,20241224,3,-0.37628874627252534,48,761685
ARB,20241224,4,1.3566101015786616,28,761685
ARB,20241224,5,3.714815903725128,14,761685
ARB,20250114,1,2.412926844151437,756,765299
ARB,20250114,2,6.727163082398916,120,765299
ARB,20250114,3,13.439858448074444,43,765299
ARB,20250114,4,18.59870974634579,22,765299
ARB,20250114,5,2.6356436950303244,8,765299
AVAX,20230404,1,-2.0526803465760817,61,420475
AVAX,20230404,2,-1.4394904382057037,2,420475
AVAX,20230404,3,,0,420475
AVAX,20230404,4,4.334633723450532,1,420475
AVAX,20230404,5,,0,420475
AVAX,20230419,1,-8.303471995501496,709,476505
AVAX,20230419,2,-8.233912595957362,179,476505
AVAX,20230419,3,-10.621035253248621,86,476505
AVAX,20230419,4,-6.652270672533451,49,476505
AVAX,20230419,5,-4.565081822341195,39,476505
AVAX,20230425,1,-1.9519555802829762,135,470279
AVAX,20230425,2,-3.3258475681467985,8,470279
AVAX,20230425,3,3.828297247476604,5,470279
AVAX,20230425,4,,0,470279
AVAX,20230425,5,7.121492664862149,1,470279
AVAX,20230504,1,-1.5932444649634936,57,398841
AVAX,20230504,2,0.0012956718653911459,2,398841
AVAX,20230504,3,,0,398841
AVAX,20230504,4,,0,398841
AVAX,20230504,5,,0,398841
AVAX,20230522,1,-1.142228132584996,66,286384
AVAX,20230522,2,-0.28891889142814514,5,286384
AVAX,20230522,3,,0,286384
AVAX,20230522,4,,0,286384
AVAX,20230522,5,,0,286384
AVAX,20230525,1,0.4135461918143317,77,288231
AVAX,20230525,2,5.9863820060627955,7,288231
AVAX,20230525,3,,0,288231
AVAX,20230525,4,,0,288231
AVAX,20230525,5,,0,288231
AVAX,20230721,1,-1.5837433973206734,34,290450
AVAX,20230721,2,1.7962996227767218,1,290450
AVAX,20230721,3,,0,290450
AVAX,20230721,4,,0,290450
AVAX,20230721,5,,0,290450
AVAX,20230811,1,0.30209548590818586,7,290300
AVAX,20230811,2,2.0140986908354503,1,290300
AVAX,20230811,3,,0,290300
AVAX,20230811,4,,0,290300
AVAX,20230811,5,,0,290300
AVAX,20230814,1,0.7822439333991313,13,184981
AVAX,20230814,2,2.024685316575567,2,184981
AVAX,20230814,3,,0,184981
AVAX,20230814,4,,0,184981
AVAX,20230814,5,,0,184981
AVAX,20230820,1,-1.5280571746984133,12,186272
AVAX,20230820,2,,0,186272
AVAX,20230820,3,,0,186272
AVAX,20230820,4,,0,186272
AVAX,20230820,5,,0,186272
AVAX,20231010,1,-2.0411319326560706,66,410540
AVAX,20231010,2,0.0227974835469118,4,410540
AVAX,20231010,3,,0,410540
AVAX,20231010,4,,0,410540
AVAX,20231010,5,,0,410540
AVAX,20240129,1,-0.10161607899859841,1081,624186
AVAX,20240129,2,0.20746216655565547,254,624186
AVAX,20240129,3,0.4451680167829243,87,624186
AVAX,20240129,4,1.0573758096812509,40,624186
AVAX,20240129,5,2.947061699682793,48,624186
AVAX,20240204,1,-0.2152086154771999,359,515787
AVAX,20240204,2,1.2027630028099572,106,515787
AVAX,20240204,3,5.36306543348635,38,515787
AVAX,20240204,4,6.708801169154079,15,515787
AVAX,20240204,5,3.9693168669860115,17,515787
AVAX,20240210,1,0.37147553873977196,660,623582
AVAX,20240210,2,0.015948666894057748,176,623582
AVAX,20240210,3,2.710908017984885,54,623582
AVAX,20240210,4,1.5601607407568974,42,623582
AVAX,20240210,5,1.6120396224036948,26,623582
AVAX,20240504,1,-0.8470542910232267,398,591303
AVAX,20240504,2,-1.126035115704284,86,591303
AVAX,20240504,3,-0.10961462982154987,35,591303
AVAX,20240504,4,4.377651932024442,22,591303
AVAX,20240504,5,-3.2098482649223246,11,591303
AVAX,20240516,1,-0.7084457721072213,427,660852
AVAX,20240516,2,0.6708205351282986,73,660852
AVAX,20240516,3,5.643876623901685,28,660852
AVAX,20240516,4,0.5480213686045778,16,660852
AVAX,20240516,5,2.927189953031163,14,660852
AVAX,20240829,1,-1.4220304854308878,481,723944
AVAX,20240829,2,2.275494793609735,32,723944
AVAX,20240829,3,-1.0526417971935207,14,723944
AVAX,20240829,4,-0.03345159798084796,8,723944
AVAX,20240829,5,4.223924439743029,6,723944
AVAX,20241112,1,-0.7795665566277739,4396,799208
AVAX,20241112,2,0.8560913161405584,788,799208
AVAX,20241112,3,1.0345682201345054,370,799208
AVAX,20241112,4,4.065406741615145,216,799208
AVAX,20241112,5,1.9366946756435772,145,799208
AVAX,20241127,1,-0.7248184344965574,2767,797301
AVAX,20241127,2,-0.04793880065331818,607,797301
AVAX,20241127,3,1.3888021166907456,221,797301
AVAX,20241127,4,1.5870099870272747,118,797301
AVAX,20241127,5,0.44256978922231255,70,797301
AVAX,20241206,1,-0.6916297318689916,2381,801811
AVAX,20241206,2,-0.21727087322738567,678,801811
AVAX,20241206,3,0.8110760956953066,299,801811
AVAX,20241206,4,1.2574666372452292,165,801811
AVAX,20241206,5,2.116228574637715,96,801811
AVAX,20250201,1,-1.2849447745566591,517,738198
AVAX,20250201,2,0.6206713762844385,79,738198
AVAX,20250201,3,-0.5284409756962759,31,738198
AVAX,20250201,4,-1.2582046972633345,22,738198
AVAX,20250201,5,-3.0945091518215655,19,738198
AVAX,20250216,1,-0.5851283608706002,312,751085
AVAX,20250216,2,3.3073914419971553,18,751085
AVAX,20250216,3,0.5872904520129323,5,751085
AVAX,20250216,4,2.9987432419021354,4,751085
AVAX,20250216,5,1.673728229574043,3,751085
AVAX,20250225,1,1.4336178743647234,1076,745403
AVAX,20250225,2,9.598926395590398,72,745403
AVAX,20250225,3,-2.8844031098675216,30,745403
AVAX,20250225,4,6.518401182115389,11,745403
AVAX,20250225,5,3.805503175792006,12,745403
AVAX,20250309,1,-1.1088642945834382,1740,703551
AVAX,20250309,2,-0.5442672078174821,630,703551
AVAX,20250309,3,-0.18443064552990798,403,703551
AVAX,20250309,4,0.4086330893235336,272,703551
AVAX,20250309,5,0.5332515293451817,154,703551
AVAX,20250502,1,-0.17848517884552428,1356,660440
AVAX,20250502,2,-0.9060275202657051,559,660440
AVAX,20250502,3,0.01056603095260516,324,660440
AVAX,20250502,4,0.9502716818129703,200,660440
AVAX,20250502,5,1.687319117294591,100,660440
AVAX,20250722,1,-0.44478621969121546,3658,775388
AVAX,20250722,2,-0.8378680884080564,1292,775388
AVAX,20250722,3,-0.047882899597555637,944,775388
AVAX,20250722,4,-0.17718951112630207,612,775388
AVAX,20250722,5,-0.17841665329703355,414,775388
BNB,20230401,1,-1.2553978452616932,24,550741
BNB,20230401,2,-0.5266323738782389,6,550741
BNB,20230401,3,,0,550741
BNB,20230401,4,,0,550741
BNB,20230401,5,,0,550741
BNB,20230407,1,0.0017958004406851912,20,478252
BNB,20230407,2,1.0749647896139958,6,478252
BNB,20230407,3,1.611146454839154,2,478252
BNB,20230407,4,7.224853496027062,1,478252
BNB,20230407,5,,0,478252
BNB,20230410,1,-0.6455071392914129,22,463469
BNB,20230410,2,,0,463469
BNB,20230410,3,,0,463469
BNB,20230410,4,,0,463469
BNB,20230410,5,,0,463469
BNB,20230416,1,-0.19186037365402797,162,514430
BNB,20230416,2,0.4060870231452948,29,514430
BNB,20230416,3,-1.6994089282514426,6,514430
BNB,20230416,4,10.960906101572725,1,514430
BNB,20230416,5,,0,514430
BNB,20230516,1,-1.0957292414056292,22,418252
BNB,20230516,2,0.07243153153913912,11,418252
BNB,20230516,3,-5.604932340461788,1,418252
BNB,20230516,4,0.8071676487217404,1,418252
BNB,20230516,5,,0,418252
BNB,20230531,1,-1.0161909362695332,32,268779
BNB,20230531,2,0.26766709938371536,6,268779
BNB,20230531,3,,0,268779
BNB,20230531,4,-10.466146042993174,1,268779
BNB,20230531,5,,0,268779
BNB,20230618,1,-0.5373070023315951,65,720802
BNB,20230618,2,0.016145621717399417,6,720802
BNB,20230618,3,,0,720802
BNB,20230618,4,,0,720802
BNB,20230618,5,,0,720802
BNB,20230721,1,-1.3005094550565928,29,290254
BNB,20230721,2,-3.0841986223908147,1,290254
BNB,20230721,3,,0,290254
BNB,20230721,4,,0,290254
BNB,20230721,5,,0,290254
BNB,20230727,1,2.3896321745709392,44,278947
BNB,20230727,2,0.005153814439706861,8,278947
BNB,20230727,3,-1.0369141435079743,1,278947
BNB,20230727,4,,0,278947
BNB,20230727,5,3.1020576982727177,1,278947
BNB,20230826,1,-1.3712341456461674,21,247598
BNB,20230826,2,-1.1546009007907538,2,247598
BNB,20230826,3,,0,247598
BNB,20230826,4,,0,247598
BNB,20230826,5,,0,247598
BNB,20230910,1,-1.8200700113209562,29,323880
BNB,20230910,2,0.5184000838693967,7,323880
BNB,20230910,3,3.544004725339097,2,323880
BNB,20230910,4,,0,323880
BNB,20230910,5,,0,323880
BNB,20230922,1,-6.607945049710461,10,253962
BNB,20230922,2,-1.1739168796999189,2,253962
BNB,20230922,3,,0,253962
BNB,20230922,4,,0,253962
BNB,20230922,5,,0,253962
BNB,20230928,1,-1.2859905878280506,37,321585
BNB,20230928,2,6.9931419761537175,2,321585
BNB,20230928,3,17.48455530947663,1,321585
BNB,20230928,4,19.81582935074071,1,321585
BNB,20230928,5,22.147103392004794,1,321585
BNB,20231130,1,-1.8465243367165123,44,345875
BNB,20231130,2,-0.6550435044658476,5,345875
BNB,20231130,3,-9.89554700384802,1,345875
BNB,20231130,4,,0,345875
BNB,20231130,5,,0,345875
BNB,20240219,1,-1.1159834928982357,197,505253
BNB,20240219,2,1.3208312344286697,7,505253
BNB,20240219,3,0.3932157546693629,9,505253
BNB,20240219,4,-4.793855487723819,9,505253
BNB,20240219,5,-6.842056954215277,3,505253
BNB,20240317,1,-1.2035370019597265,1636,725591
BNB,20240317,2,-0.28981409027972355,478,725591
BNB,20240317,3,-1.0728089584300888,191,725591
BNB,20240317,4,2.736758349270172,103,725591
BNB,20240317,5,1.9771414256127702,65,725591
BNB,20240323,1,-0.08416298487439985,807,591745
BNB,20240323,2,0.16216648894227817,234,591745
BNB,20240323,3,0.7641495167674417,100,591745
BNB,20240323,4,2.7990858662794875,96,591745
BNB,20240323,5,2.544314287536279,60,591745
BNB,20240510,1,-0.7794265293072534,406,576776
BNB,20240510,2,-1.5197138000936001,74,576776
BNB,20240510,3,-1.7061052532536878,40,576776
BNB,20240510,4,-1.2919057896588693,26,576776
BNB,20240510,5,2.936788075869518,18,576776
BNB,20240531,1,-0.9899266640548876,207,536672
BNB,20240531,2,0.2691158846881366,38,536672
BNB,20240531,3,0.19036556298278187,23,536672
BNB,20240531,4,1.8208707566543971,6,536672
BNB,20240531,5,1.6567793386334582,9,536672
BNB,20240624,1,-2.7152141972312096,1180,676930
BNB,20240624,2,-1.2561384589720164,357,676930
BNB,20240624,3,-1.2657764831195966,138,676930
BNB,20240624,4,-1.92025936552252,59,676930
BNB,20240624,5,2.0584755612229646,44,676930
BNB,20240802,1,-1.8115736052641194,555,665060
BNB,20240802,2,-2.1116171085945603,107,665060
BNB,20240802,3,-0.1918978131475308,61,665060
BNB,20240802,4,-0.9547861106425806,43,665060
BNB,20240802,5,0.8876877722283274,25,665060
BNB,20241121,1,-0.2999221837573625,929,747263
BNB,20241121,2,0.074981111483735,230,747263
BNB,20241121,3,1.375091922373317,161,747263
BNB,20241121,4,1.577555178378024,113,747263
BNB,20241121,5,2.71014032948049,48,747263
BNB,20241124,1,-0.44798782873797893,1969,738087
BNB,20241124,2,0.6530401990936324,397,738087
BNB,20241124,3,0.3507491812043585,243,738087
BNB,20241124,4,1.7319067841932265,140,738087
BNB,20241124,5,2.588949371870037,99,738087
BNB,20241227,1,-1.180630323793762,882,693937
BNB,20241227,2,-0.4542758726866764,329,693937
BNB,20241227,3,1.1801677545771407,146,693937
BNB,20241227,4,-0.5147308401983721,114,693937
BNB,20241227,5,0.5895420365558653,47,693937
BNB,20250123,1,-0.23546163185978855,780,703086
BNB,20250123,2,-0.614415874478636,288,703086
BNB,20250123,3,-1.1812601619275698,118,703086
BNB,20250123,4,1.4072495715760152,42,703086
BNB,20250123,5,-0.12570925345070874,20,703086
BNB,20250129,1,-0.054768075139923836,516,695312
BNB,20250129,2,-0.2582374002917234,112,695312
BNB,20250129,3,-1.0400324098232878,44,695312
BNB,20250129,4,-1.9957798160592424,18,695312
BNB,20250129,5,0.025034297378735193,11,695312
BNB,20250219,1,-0.4323490859879553,830,695009
BNB,20250219,2,-0.42882247019450964,289,695009
BNB,20250219,3,1.117171381867192,138,695009
BNB,20250219,4,3.0842402776475475,108,695009
BNB,20250219,5,1.0395378955882897,39,695009
BNB,20250719,1,-1.296427484649857,196,636030
BNB,20250719,2,-0.6055508077243066,18,636030
BNB,20250719,3,1.645528879683635,10,636030
BNB,20250719,4,5.134724040813901,4,636030
BNB,20250719,5,6.192181624645588,8,636030
BTC,20230410,1,0.3372859803342725,6825,587446
BTC,20230410,2,0.38801989303166984,1939,587446
BTC,20230410,3,9.086886257183412,1137,587446
BTC,20230410,4,-1.7640567787805657,743,587446
BTC,20230410,5,-1.788794440667231,568,587446
BTC,20230413,1,-1.4637786862924866,2418,611390
BTC,20230413,2,-1.7035739472661926,880,611390
BTC,20230413,3,-2.4867745901116085,519,611390
BTC,20230413,4,-1.100247961140967,364,611390
BTC,20230413,5,-3.099363136504742,483,611390
BTC,20230416,1,0.05852695356248359,1012,539196
BTC,20230416,2,-0.8942211925616297,361,539196
BTC,20230416,3,-2.1272738626519216,251,539196
BTC,20230416,4,-1.1727573221440477,181,539196
BTC,20230416,5,-1.03040771705772,176,539196
BTC,20230525,1,-1.1910471749454445,1513,600821
BTC,20230525,2,-0.9274759632576444,659,600821
BTC,20230525,3,-0.9502058658473681,391,600821
BTC,20230525,4,0.2625593772288962,281,600821
BTC,20230525,5,-0.8237094012849584,320,600821
BTC,20230606,1,-1.056896461699095,3486,621199
BTC,20230606,2,-2.0047806250253415,1486,621199
BTC,20230606,3,-1.9324136350188112,740,621199
BTC,20230606,4,-0.30952242295422133,545,621199
BTC,20230606,5,-0.5262219966793089,479,621199
BTC,20230618,1,-1.323211178479741,651,519756
BTC,20230618,2,-1.6760281727878716,388,519756
BTC,20230618,3,-2.21569982355298,202,519756
BTC,20230618,4,-1.9455815289430634,196,519756
BTC,20230618,5,-2.311371455941215,111,519756
BTC,20231010,1,-0.9221057088986575,873,575718
BTC,20231010,2,-1.0837669275278445,509,575718
BTC,20231010,3,-0.9303160556144844,382,575718
BTC,20231010,4,-0.7867680428009934,323,575718
BTC,20231010,5,-1.0385990853804326,319,575718
BTC,20231215,1,0.28289099635897297,2564,691977
BTC,20231215,2,0.2993193755401592,681,691977
BTC,20231215,3,0.09555359958031799,419,691977
BTC,20231215,4,0.5684476984013574,281,691977
BTC,20231215,5,2.868597180721298,354,691977
BTC,20240213,1,-0.04953359855666106,6519,719499
BTC,20240213,2,-0.16483597943650174,1772,719499
BTC,20240213,3,-0.4246941367930519,1631,719499
BTC,20240213,4,-1.0216362805286,878,719499
BTC,20240213,5,0.7139554055631787,732,719499
BTC,20240311,1,-0.5335013200325851,17273,782252
BTC,20240311,2,-0.47275951820813444,4012,782252
BTC,20240311,3,-0.2922931619200006,2217,782252
BTC,20240311,4,-0.6251226403364369,1619,782252
BTC,20240311,5,-0.6707896287757545,1448,782252
BTC,20240513,1,-0.40545712985654037,5408,727043
BTC,20240513,2,-0.3927913277753373,1543,727043
BTC,20240513,3,-0.061476981768995714,1000,727043
BTC,20240513,4,-0.44555759917933496,731,727043
BTC,20240513,5,-0.6224506453098694,682,727043
BTC,20240802,1,-0.731350206180311,9311,769610
BTC,20240802,2,-1.1049504838895807,2745,769610
BTC,20240802,3,-0.5191257437464223,2060,769610
BTC,20240802,4,-0.8005471744774149,1441,769610
BTC,20240802,5,-0.4541185700437449,1282,769610
BTC,20240916,1,-0.9064557355973222,4274,706045
BTC,20240916,2,-0.6271417698566532,1623,706045
BTC,20240916,3,-1.148301812018441,979,706045
BTC,20240916,4,-1.038753389453675,927,706045
BTC,20240916,5,0.08589659292358191,674,706045
BTC,20241004,1,-0.8329330537331672,4134,677457
BTC,20241004,2,-0.9487560453276996,1014,677457
BTC,20241004,3,-0.5140718248035117,851,677457
BTC,20241004,4,-0.5629481065495208,612,677457
BTC,20241004,5,-0.667299404252495,692,677457
BTC,20241031,1,-0.7746332771750546,3784,647674
BTC,20241031,2,-1.0448006493309139,990,647674
BTC,20241031,3,-0.6854426047385831,764,647674
BTC,20241031,4,-1.3638007717957015,610,647674
BTC,20241031,5,-0.5439669813918075,493,647674
BTC,20241124,1,-0.8880459231790205,3320,675544
BTC,20241124,2,-0.7618282931186845,851,675544
BTC,20241124,3,-0.6778656103432703,591,675544
BTC,20241124,4,-0.7106211528437589,464,675544
BTC,20241124,5,0.19466086127112803,577,675544
BTC,20241130,1,-0.8845074830723774,1482,626442
BTC,20241130,2,-0.7428365323179124,369,626442
BTC,20241130,3,-0.3337123470800147,256,626442
BTC,20241130,4,-1.24206680081088,151,626442
BTC,20241130,5,-0.9663102340082398,140,626442
BTC,20241215,1,-1.135773408922026,3982,623579
BTC,20241215,2,6.288738224394085,1086,623579
BTC,20241215,3,-1.2616725144541823,579,623579
BTC,20241215,4,-0.004431663231921575,413,623579
BTC,20241215,5,2.4939870439267975,395,623579
BTC,20250225,1,-0.6354237312070522,11243,782670
BTC,20250225,2,-0.5035305348584115,3096,782670
BTC,20250225,3,0.07796911130996356,2055,782670
BTC,20250225,4,-1.0748663538020133,1614,782670
BTC,20250225,5,0.5902250208012574,1525,782670
DOGE,20230401,1,0.27866071874394893,429,636379
DOGE,20230401,2,0.9421123342278478,150,636379
DOGE,20230401,3,-0.15684992272477477,69,636379
DOGE,20230401,4,1.2182951371589115,26,636379
DOGE,20230401,5,11.489989598250304,6,636379
DOGE,20230416,1,-0.8755765447477609,393,527688
DOGE,20230416,2,-1.122410594038086,287,527688
DOGE,20230416,3,3.0898767663301463,47,527688
DOGE,20230416,4,8.775925891517499,18,527688
DOGE,20230416,5,-0.03597431568468394,15,527688
DOGE,20230422,1,-1.8522871200517586,174,436432
DOGE,20230422,2,-1.1660740230289457,91,436432
DOGE,20230422,3,0.02942806944409231,10,436432
DOGE,20230422,4,-0.6334325711034395,1,436432
DOGE,20230422,5,8.098174795987742,1,436432
DOGE,20230522,1,-1.8294862593468229,148,395013
DOGE,20230522,2,-0.3840905890630962,59,395013
DOGE,20230522,3,-3.780501977197629,4,395013
DOGE,20230522,4,10.440593025682707,1,395013
DOGE,20230522,5,,0,395013
DOGE,20230621,1,-1.9458358720049298,275,498336
DOGE,20230621,2,-4.868528641394968,54,498336
DOGE,20230621,3,0.05465381163393742,13,498336
DOGE,20230621,4,7.4337501073622585,6,498336
DOGE,20230621,5,15.146210653405447,3,498336
DOGE,20230718,1,1.6346998916037734,140,388510
DOGE,20230718,2,3.6361373451639087,32,388510
DOGE,20230718,3,0.8205528156197451,14,388510
DOGE,20230718,4,1.7167131914435683,3,388510
DOGE,20230718,5,15.990945759188273,5,388510
DOGE,20230727,1,-0.9061913463939217,354,555843
DOGE,20230727,2,-0.8625267904785063,71,555843
DOGE,20230727,3,1.3952742464076848,33,555843
DOGE,20230727,4,1.1576926624774742,20,555843
DOGE,20230727,5,7.751730583498398,9,555843
DOGE,20230808,1,-1.5914004014734209,162,484856
DOGE,20230808,2,-0.6263759537967996,31,484856
DOGE,20230808,3,2.1309118794173423,11,484856
DOGE,20230808,4,6.360033315777571,8,484856
DOGE,20230808,5,8.686025630495074,4,484856
DOGE,20230823,1,-11.077456709822004,199,521615
DOGE,20230823,2,-33.141393374930495,57,521615
DOGE,20230823,3,-43.14678153033699,33,521615
DOGE,20230823,4,-36.23057160586679,22,521615
DOGE,20230823,5,-28.913094465610165,16,521615
DOGE,20230916,1,-1.009118449951643,39,357956
DOGE,20230916,2,-0.4820659743969949,10,357956
DOGE,20230916,3,-0.005761605103349554,4,357956
DOGE,20230916,4,6.0638869944475555,4,357956
DOGE,20230916,5,2.4100257224937964,2,357956
DOGE,20230925,1,-1.8958243723283386,29,340167
DOGE,20230925,2,-0.41128471384084275,4,340167
DOGE,20230925,3,,0,340167
DOGE,20230925,4,4.112180277982934,1,340167
DOGE,20230925,5,,0,340167
DOGE,20231004,1,-0.9578973816031954,24,380978
DOGE,20231004,2,0.001909094924787469,6,380978
DOGE,20231004,3,-0.8209506608649637,1,380978
DOGE,20231004,4,4.104146839913182,2,380978
DOGE,20231004,5,,0,380978
DOGE,20231019,1,5.078031142986144,56,418650
DOGE,20231019,2,21.5149150826829,14,418650
DOGE,20231019,3,26.524802688273628,4,418650
DOGE,20231019,4,0.8612522607868508,1,418650
DOGE,20231019,5,,0,418650
DOGE,20231121,1,1.8412915528719735,1265,646893
DOGE,20231121,2,4.183478835012366,470,646893
DOGE,20231121,3,9.831673916684009,246,646893
DOGE,20231121,4,11.803040277884651,132,646893
DOGE,20231121,5,16.532862317969634,79,646893
DOGE,20231209,1,0.3894588518812237,1069,635055
DOGE,20231209,2,1.0396944648959956,386,635055
DOGE,20231209,3,1.0400982023801795,200,635055
DOGE,20231209,4,2.166908306813183,133,635055
DOGE,20231209,5,1.8554195913396312,83,635055
DOGE,20231227,1,-1.3766962470060014,284,594688
DOGE,20231227,2,-1.41895500353848,60,594688
DOGE,20231227,3,-0.015507783681437706,33,594688
DOGE,20231227,4,2.344128621693993,9,594688
DOGE,20231227,5,6.895504929059737,6,594688
DOGE,20231230,1,-0.8988537454304653,159,494031
DOGE,20231230,2,0.32244866645872255,29,494031
DOGE,20231230,3,7.540777529980887,6,494031
DOGE,20231230,4,-1.942147432530656,4,494031
DOGE,20231230,5,2.4288030785223427,7,494031
DOGE,20240111,1,-0.6684045863112216,1096,678841
DOGE,20240111,2,1.1596809964904888,271,678841
DOGE,20240111,3,4.543852843803384,99,678841
DOGE,20240111,4,6.534589064944447,45,678841
DOGE,20240111,5,6.866290116056636,31,678841
DOGE,20240117,1,-1.7140850350101386,200,525599
DOGE,20240117,2,-0.5697798215623524,26,525599
DOGE,20240117,3,-0.15409464377961848,11,525599
DOGE,20240117,4,1.6969644176520038,7,525599
DOGE,20240117,5,-2.6646344952900614,3,525599
DOGE,20240129,1,-1.59339711655543,754,574338
DOGE,20240129,2,-1.5033705156822958,184,574338
DOGE,20240129,3,-2.33518360286664,100,574338
DOGE,20240129,4,-5.111257890833212,70,574338
DOGE,20240129,5,-5.826300323000433,41,574338
DOGE,20240204,1,-3.1657554675033532,119,440937
DOGE,20240204,2,1.194734797240713,31,440937
DOGE,20240204,3,-1.1379432382817911,13,440937
DOGE,20240204,4,-4.788336788030168,8,440937
DOGE,20240204,5,-23.55477892741439,5,440937
DOGE,20240320,1,-0.5880082033694721,7182,804773
DOGE,20240320,2,-1.2922258368528354,2131,804773
DOGE,20240320,3,-1.0049475748891183,1289,804773
DOGE,20240320,4,-1.760804223667304,901,804773
DOGE,20240320,5,-1.875240372278033,628,804773
DOGE,20240507,1,-0.5174757055268344,1866,777474
DOGE,20240507,2,-0.23579129145702038,430,777474
DOGE,20240507,3,1.307524745250015,258,777474
DOGE,20240507,4,0.752154039045439,192,777474
DOGE,20240507,5,2.234429583269523,119,777474
DOGE,20240510,1,-0.13268995822017782,1576,764048
DOGE,20240510,2,0.12010921479688566,399,764048
DOGE,20240510,3,2.2865000322060305,226,764048
DOGE,20240510,4,1.904737758319208,158,764048
DOGE,20240510,5,3.9095922084435863,109,764048
DOGE,20240808,1,-1.0668708442773667,2757,792244
DOGE,20240808,2,-1.549178046607261,294,792244
DOGE,20240808,3,-1.663024586144087,98,792244
DOGE,20240808,4,-2.6054003594088004,37,792244
DOGE,20240808,5,0.7620048636306083,17,792244
DOGE,20240829,1,-1.2982173915485222,709,739495
DOGE,20240829,2,-0.21666346064628964,47,739495
DOGE,20240829,3,-3.4036196071500497,24,739495
DOGE,20240829,4,1.3843037256698631,15,739495
DOGE,20240829,5,0.49699172121654583,5,739495
DOGE,20240901,1,-1.1907252431045299,735,722066
DOGE,20240901,2,-0.872106401339433,74,722066
DOGE,20240901,3,1.0745651463682413,38,722066
DOGE,20240901,4,1.186772528189214,23,722066
DOGE,20240901,5,2.3450557170620008,15,722066
DOGE,20241109,1,-0.6120732169745191,7294,772058
DOGE,20241109,2,-0.05363067598052272,1701,772058
DOGE,20241109,3,0.07323151269351286,1104,772058
DOGE,20241109,4,0.6915395260878477,822,772058
DOGE,20241109,5,0.9829819156598493,596,772058
DOGE,20241115,1,-0.36232514085307727,16211,807122
DOGE,20241115,2,0.08868929999291403,5112,807122
DOGE,20241115,3,0.3950386113646415,3578,807122
DOGE,20241115,4,0.4099300377950105,2742,807122
DOGE,20241115,5,0.6134464498470056,2339,807122
DOGE,20241203,1,-0.6865748127044566,9768,797760
DOGE,20241203,2,-0.7337551347368062,2898,797760
DOGE,20241203,3,-0.9441188932307021,2252,797760
DOGE,20241203,4,-0.48485574585688174,1706,797760
DOGE,20241203,5,-0.16953954362464735,1462,797760
DOGE,20241206,1,-0.5971936121028458,7427,791683
DOGE,20241206,2,-0.33904894218985426,1761,791683
DOGE,20241206,3,-0.46794433070521924,1440,791683
DOGE,20241206,4,-0.26835022009163306,1108,791683
DOGE,20241206,5,0.3859829319931871,847,791683
DOGE,20241209,1,-1.1099796626489762,17021,804424
DOGE,20241209,2,-1.3559778369715543,5646,804424
DOGE,20241209,3,-1.2933392784840285,4851,804424
DOGE,20241209,4,-1.9165401347088988,3862,804424
DOGE,20241209,5,-1.1585814992676993,3325,804424
DOGE,20241221,1,-0.7914318384576204,11518,816801
DOGE,20241221,2,-0.591355095286799,3655,816801
DOGE,20241221,3,-0.7348699801069717,2906,816801
DOGE,20241221,4,-0.7794065566837524,2395,816801
DOGE,20241221,5,-0.16468938658094606,2015,816801
DOGE,20250114,1,-0.25658984323645034,4996,782311
DOGE,20250114,2,0.38498768620526774,1423,782311
DOGE,20250114,3,0.49214148485291753,1095,782311
DOGE,20250114,4,1.2679976249204017,879,782311
DOGE,20250114,5,1.2630577579982099,765,782311
DOGE,20250719,1,-0.5029531584501628,7978,820710
DOGE,20250719,2,-0.1842194417735082,3030,820710
DOGE,20250719,3,-0.09601574236304683,2338,820710
DOGE,20250719,4,-0.12036016932528387,1614,820710
DOGE,20250719,5,-0.1022871383248714,1099,820710
DOGE,20250722,1,-0.6269148662549701,7913,822388
DOGE,20250722,2,-0.5314928289736294,2573,822388
DOGE,20250722,3,-0.5927988751774314,2029,822388
DOGE,20250722,4,-0.04092327166254406,1442,822388
DOGE,20250722,5,-0.018452326292693555,988,822388
ETH,20230428,1,-1.0281275870880242,1297,582890
ETH,20230428,2,-1.5801638681539996,673,582890
ETH,20230428,3,-1.8920330046789866,369,582890
ETH,20230428,4,-1.9051138504745446,268,582890
ETH,20230428,5,-1.0175273979083448,203,582890
ETH,20230507,1,-1.1014351466366912,1012,528964
ETH,20230507,2,-1.3408864271595458,604,528964
ETH,20230507,3,-4.413871938533923,381,528964
ETH,20230507,4,-1.2158000213634603,215,528964
ETH,20230507,5,-1.683370036053404,170,528964
ETH,20230615,1,-0.608414977292756,1012,532326
ETH,20230615,2,-1.3408750770983098,661,532326
ETH,20230615,3,-1.2798769083390524,321,532326
ETH,20230615,4,-0.46677980735014674,193,532326
ETH,20230615,5,-0.29376733691305174,137,532326
ETH,20230703,1,-1.7130590462951691,988,601363
ETH,20230703,2,-1.696538223111475,441,601363
ETH,20230703,3,-1.3962007484319936,258,601363
ETH,20230703,4,-1.794739822051099,154,601363
ETH,20230703,5,-1.5610096304144438,104,601363
ETH,20230709,1,-1.6904489365025899,342,412446
ETH,20230709,2,-1.66380591271863,189,412446
ETH,20230709,3,-1.0194228502028613,97,412446
ETH,20230709,4,-0.8130191249343999,72,412446
ETH,20230709,5,-0.3363513477963688,45,412446
ETH,20230907,1,-1.8799444478586118,578,464352
ETH,20230907,2,-2.1245989007813595,305,464352
ETH,20230907,3,-2.0579987813249403,193,464352
ETH,20230907,4,-1.8005705243467742,128,464352
ETH,20230907,5,-4.3635245319765525,72,464352
ETH,20230928,1,-1.3436981262297463,1125,558331
ETH,20230928,2,-1.8849994741891591,672,558331
ETH,20230928,3,-1.417743553609026,391,558331
ETH,20230928,4,-1.5052885001668503,285,558331
ETH,20230928,5,-1.4423088854189465,256,558331
ETH,20231203,1,-1.3704122055063408,1132,612155
ETH,20231203,2,-1.748258473071495,400,612155
ETH,20231203,3,-1.338414515152325,254,612155
ETH,20231203,4,-0.8740789832066618,174,612155
ETH,20231203,5,0.7133205820647217,146,612155
ETH,20231206,1,-0.6720186988694261,1987,709880
ETH,20231206,2,-0.9852428153728094,623,709880
ETH,20231206,3,-0.7208844826135427,432,709880
ETH,20231206,4,-1.0172252300753695,267,709880
ETH,20231206,5,-0.43327719820829297,290,709880
ETH,20231227,1,-0.44519863959059375,2716,707104
ETH,20231227,2,-0.4711672290366825,730,707104
ETH,20231227,3,-0.8225046741185971,491,707104
ETH,20231227,4,-0.3385439966176835,353,707104
ETH,20231227,5,-0.6398379354027716,310,707104
ETH,20240311,1,-0.7093654886566841,6035,768633
ETH,20240311,2,-0.6290433183327235,1382,768633
ETH,20240311,3,0.48261545667422734,936,768633
ETH,20240311,4,-0.25220776247010174,643,768633
ETH,20240311,5,0.39967842722993835,553,768633
ETH,20240314,1,-0.308177904904684,6949,771888
ETH,20240314,2,0.47727929711496875,1737,771888
ETH,20240314,3,-0.16685212310756511,998,771888
ETH,20240314,4,0.5475289839232937,786,771888
ETH,20240314,5,-0.19004542096238994,727,771888
ETH,20240425,1,-0.7319578487071053,3974,739934
ETH,20240425,2,0.0264431338745355,866,739934
ETH,20240425,3,-0.037990346711328345,589,739934
ETH,20240425,4,0.3032561733987764,454,739934
ETH,20240425,5,-0.005554590978327587,311,739934
ETH,20240513,1,-0.5696719792639278,2149,724413
ETH,20240513,2,-0.783378900313786,539,724413
ETH,20240513,3,-0.17792675210974426,438,724413
ETH,20240513,4,-0.7993713796221015,347,724413
ETH,20240513,5,-0.11276739118572084,236,724413
ETH,20240811,1,-1.217976124729491,3578,749094
ETH,20240811,2,-0.5032384873666551,887,749094
ETH,20240811,3,-1.537966377018385,637,749094
ETH,20240811,4,-1.6292995766046667,490,749094
ETH,20240811,5,-0.6767813089975734,446,749094
ETH,20240817,1,-0.9320345394111531,642,631718
ETH,20240817,2,-1.0212911497270172,108,631718
ETH,20240817,3,-0.8263314232116893,117,631718
ETH,20240817,4,-1.7571569222354402,89,631718
ETH,20240817,5,-1.1062946277415002,64,631718
ETH,20240901,1,-0.7585033957770108,2776,691942
ETH,20240901,2,-0.6196905422546313,722,691942
ETH,20240901,3,0.05041383219101982,541,691942
ETH,20240901,4,-0.6954152728864865,539,691942
ETH,20240901,5,-0.9422269138986153,406,691942
ETH,20241022,1,-1.0103275215862313,2059,654636
ETH,20241022,2,-0.9818297570299257,356,654636
ETH,20241022,3,-1.139071554653277,442,654636
ETH,20241022,4,-0.9515015886373347,427,654636
ETH,20241022,5,-1.0275459943352916,415,654636
ETH,20241118,1,-0.5042669285978242,4772,760446
ETH,20241118,2,-0.2626127567205216,1019,760446
ETH,20241118,3,-0.6922657981196337,997,760446
ETH,20241118,4,-0.7900634347822834,927,760446
ETH,20241118,5,-0.06949102662760785,783,760446
ETH,20241215,1,-0.8981621001609384,2731,619279
ETH,20241215,2,-0.9082888735313454,451,619279
ETH,20241215,3,-0.5219591025887113,426,619279
ETH,20241215,4,-0.4939799283373171,323,619279
ETH,20241215,5,-0.8915664279427915,307,619279
ETH,20241218,1,-1.0863371892403575,10016,741703
ETH,20241218,2,-0.8425157229069212,2136,741703
ETH,20241218,3,-2.4662243554680834,1796,741703
ETH,20241218,4,-1.0845932643400094,1462,741703
ETH,20241218,5,-1.2908008897987922,1489,741703
ETH,20241230,1,-0.7023982198739168,6756,691888
ETH,20241230,2,-0.7748241067388186,1217,691888
ETH,20241230,3,-1.010129819269625,983,691888
ETH,20241230,4,-0.7599306481041737,913,691888
ETH,20241230,5,-0.8204905667315405,905,691888
ETH,20250129,1,-0.5926589341822036,4771,712684
ETH,20250129,2,-0.6433011404221225,1301,712684
ETH,20250129,3,-0.2880808531043629,1178,712684
ETH,20250129,4,-1.2879806554821556,1116,712684
ETH,20250129,5,-0.5838318863270561,1044,712684
ETH,20250719,1,-0.7716844134935167,2140,708787
ETH,20250719,2,-0.09046444036787968,636,708787
ETH,20250719,3,-0.5356511626415565,452,708787
ETH,20250719,4,-0.15006974129308934,501,708787
ETH,20250719,5,-0.6199368499514063,427,708787
HYPE,20250102,1,-0.25446729970170995,3384,507113
HYPE,20250102,2,-0.2543364529849138,1002,507113
HYPE,20250102,3,0.3008211230292177,734,507113
HYPE,20250102,4,-0.9889208958636174,571,507113
HYPE,20250102,5,-0.6268159121300853,417,507113
HYPE,20250201,1,-1.5158356212539879,4174,538566
HYPE,20250201,2,-2.141236035424376,1288,538566
HYPE,20250201,3,-0.6391912292122657,985,538566
HYPE,20250201,4,-0.45098258336526587,771,538566
HYPE,20250201,5,-0.44077043518674963,693,538566
HYPE,20250204,1,-1.1114876198715482,7344,631977
HYPE,20250204,2,0.0287483374880501,1874,631977
HYPE,20250204,3,-0.1664019783930011,1346,631977
HYPE,20250204,4,-0.7389719380167081,1198,631977
HYPE,20250204,5,-0.2173620378248132,975,631977
HYPE,20250502,1,-0.7863413017220896,1085,453416
HYPE,20250502,2,-0.37521062854372494,378,453416
HYPE,20250502,3,-0.914774406252514,336,453416
HYPE,20250502,4,-0.3384869317820159,245,453416
HYPE,20250502,5,-1.687100167243547,182,453416
LINK,20230425,1,-1.3523197108581717,136,464634
LINK,20230425,2,-1.3035862506351816,29,464634
LINK,20230425,3,0.08278040555876427,14,464634
LINK,20230425,4,3.988684604980346,2,464634
LINK,20230425,5,,0,464634
LINK,20230501,1,-4.330687841859598,202,453903
LINK,20230501,2,-1.4432908584585844,53,453903
LINK,20230501,3,5.210487143192876,15,453903
LINK,20230501,4,-3.524400646483665,11,453903
LINK,20230501,5,4.158840443928992,6,453903
LINK,20230525,1,-0.6778889368827866,80,438658
LINK,20230525,2,3.7670906247702964,26,438658
LINK,20230525,3,20.179468833696692,2,438658
LINK,20230525,4,8.198960162919228,2,438658
LINK,20230525,5,12.128708657786353,2,438658
LINK,20230531,1,-0.15815097651405965,119,471825
LINK,20230531,2,0.5704175291680412,25,471825
LINK,20230531,3,-0.15626579520965184,9,471825
LINK,20230531,4,19.526673435913732,1,471825
LINK,20230531,5,15.324791871433296,2,471825
LINK,20230603,1,-0.2831402560504167,22,361209
LINK,20230603,2,0.33127858278555333,7,361209
LINK,20230603,3,0.7782313759368377,3,361209
LINK,20230603,4,,0,361209
LINK,20230603,5,,0,361209
LINK,20230618,1,-4.5418990189871336,89,311579
LINK,20230618,2,-0.3737239509597042,26,311579
LINK,20230618,3,16.599471592759276,14,311579
LINK,20230618,4,60.501514647722885,5,311579
LINK,20230618,5,13.194494376279273,4,311579
LINK,20230630,1,-5.421900384114248,708,588868
LINK,20230630,2,-5.469910355763686,257,588868
LINK,20230630,3,-5.718925152853302,130,588868
LINK,20230630,4,0.11940503410829029,62,588868
LINK,20230630,5,-2.746732192261125,30,588868
LINK,20230718,1,-0.14060924858796778,258,511776
LINK,20230718,2,-0.010643714883814551,72,511776
LINK,20230718,3,-2.5439436968534297,25,511776
LINK,20230718,4,3.887042247148765,10,511776
LINK,20230718,5,7.252238309511426,6,511776
LINK,20230802,1,1.4795510403680576,280,439818
LINK,20230802,2,1.5897164412762976,98,439818
LINK,20230802,3,2.9677545018254636,38,439818
LINK,20230802,4,3.691889173560314,19,439818
LINK,20230802,5,4.013477274511806,11,439818
LINK,20240117,1,-0.9287242543054378,1118,642015
LINK,20240117,2,-0.5134335634026649,460,642015
LINK,20240117,3,-0.40580670911316324,284,642015
LINK,20240117,4,-0.6490651844907912,199,642015
LINK,20240117,5,-0.5512694832094063,157,642015
LINK,20240314,1,0.29306855657993014,3044,687030
LINK,20240314,2,0.41572816759489784,984,687030
LINK,20240314,3,1.1656348611846847,568,687030
LINK,20240314,4,1.0870790400037353,411,687030
LINK,20240314,5,1.0720376272995187,298,687030
LINK,20240320,1,-0.17645174374849484,2346,750891
LINK,20240320,2,0.6480453629173415,687,750891
LINK,20240320,3,0.21386112759683204,455,750891
LINK,20240320,4,1.9789418402410668,319,750891
LINK,20240320,5,1.1436810265760347,214,750891
LINK,20240407,1,-0.21467654834000685,260,455541
LINK,20240407,2,-1.3826744775414368,65,455541
LINK,20240407,3,0.35135079197318725,48,455541
LINK,20240407,4,-0.7816333439814394,25,455541
LINK,20240407,5,-1.0970880872646054,21,455541
LINK,20240618,1,-2.8721870122412847,2518,716389
LINK,20240618,2,-5.887778548075597,848,716389
LINK,20240618,3,-6.81257676751146,563,716389
LINK,20240618,4,-9.354625090372366,423,716389
LINK,20240618,5,-13.686116685439876,314,716389
LINK,20240709,1,-0.3389871785085912,955,693631
LINK,20240709,2,1.7908442051999367,287,693631
LINK,20240709,3,2.3223568410388253,166,693631
LINK,20240709,4,3.5384970282031842,84,693631
LINK,20240709,5,2.792930172510126,61,693631
LINK,20240730,1,-0.6620744828063699,627,639925
LINK,20240730,2,-0.08120450270822509,105,639925
LINK,20240730,3,-0.9534465026834716,43,639925
LINK,20240730,4,0.34014294649572335,9,639925
LINK,20240730,5,-7.317802622906278,3,639925
LINK,20240805,1,-1.9217845981976123,8015,800879
LINK,20240805,2,-3.551443192103836,2899,800879
LINK,20240805,3,-4.364808635274123,1642,800879
LINK,20240805,4,-5.88734991739898,1057,800879
LINK,20240805,5,-5.788830601171697,723,800879
LINK,20241004,1,-0.9313600413339389,450,662553
LINK,20241004,2,-0.6119381821595825,67,662553
LINK,20241004,3,-3.0913798165475024,28,662553
LINK,20241004,4,-1.0409783743557186,22,662553
LINK,20241004,5,-5.653145315332531,7,662553
LINK,20241112,1,-0.7694869045808195,3509,787967
LINK,20241112,2,-1.1974258415192554,1126,787967
LINK,20241112,3,-0.8784985532473223,694,787967
LINK,20241112,4,1.185685584722155,433,787967
LINK,20241112,5,0.3417023643286632,264,787967
LINK,20241121,1,-0.42816209579809184,2386,743026
LINK,20241121,2,0.4957908290409679,583,743026
LINK,20241121,3,1.0700142740688612,369,743026
LINK,20241121,4,1.3097777326013689,242,743026
LINK,20241121,5,1.443246557468725,169,743026
LINK,20241212,1,0.02291452206890325,10757,795187
LINK,20241212,2,0.8629575889457956,3621,795187
LINK,20241212,3,0.8127851561811862,3025,795187
LINK,20241212,4,0.5686087167666445,2627,795187
LINK,20241212,5,1.52041674042699,2094,795187
LINK,20250102,1,-0.7883615506343915,1474,769354
LINK,20250102,2,-0.014585597968047617,620,769354
LINK,20250102,3,0.07719806038594952,474,769354
LINK,20250102,4,0.8973209464022284,300,769354
LINK,20250102,5,0.5699813869627292,185,769354
LINK,20250120,1,-0.4836919546484444,11351,791848
LINK,20250120,2,-0.06167647405312978,5316,791848
LINK,20250120,3,-0.29046307303166186,4488,791848
LINK,20250120,4,-0.5732425829558796,3882,791848
LINK,20250120,5,-0.16064729631835312,3053,791848
LINK,20250126,1,-0.9068838014990204,1196,698919
LINK,20250126,2,-0.4217266558902906,436,698919
LINK,20250126,3,-0.5606636612037279,336,698919
LINK,20250126,4,-0.03243906545625223,286,698919
LINK,20250126,5,0.6185356702096407,221,698919
LTC,20230501,1,-3.431097907316227,343,553064
LTC,20230501,2,-2.1256381240217848,152,553064
LTC,20230501,3,-17.89609155583022,34,553064
LTC,20230501,4,-7.045515107598919,23,553064
LTC,20230501,5,-19.38106137424075,16,553064
LTC,20230510,1,-2.7574233041780096,742,615061
LTC,20230510,2,-6.367890839877492,345,615061
LTC,20230510,3,-11.90473578132163,115,615061
LTC,20230510,4,-10.64149074805843,70,615061
LTC,20230510,5,-11.957059967944078,31,615061
LTC,20230522,1,-0.3860128156655657,84,490233
LTC,20230522,2,-0.46721241711574363,15,490233
LTC,20230522,3,2.75163722414743,1,490233
LTC,20230522,4,0.8166592059104788,4,490233
LTC,20230522,5,2.195856855509301,4,490233
LTC,20230531,1,-1.7547870812838293,204,434993
LTC,20230531,2,-2.5729296725615463,74,434993
LTC,20230531,3,6.381101733464601,31,434993
LTC,20230531,4,6.605561745012092,14,434993
LTC,20230531,5,3.2093619198543615,12,434993
LTC,20230603,1,0.7128024915869132,138,415132
LTC,20230603,2,2.4827014222607597,23,415132
LTC,20230603,3,2.5091809166557324,8,415132
LTC,20230603,4,-3.5886348271101234,3,415132
LTC,20230603,5,4.672733807509595,2,415132
LTC,20230609,1,-0.093872781200483,133,448998
LTC,20230609,2,-0.8308325541715224,48,448998
LTC,20230609,3,-1.384569459903387,20,448998
LTC,20230609,4,10.47453997875859,12,448998
LTC,20230609,5,-0.6200523030466171,3,448998
LTC,20230621,1,-1.5838507407642655,455,569720
LTC,20230621,2,-2.954869822397311,170,569720
LTC,20230621,3,-3.658318834525115,53,569720
LTC,20230621,4,0.5705182140587272,26,569720
LTC,20230621,5,9.149540531094086,13,569720
LTC,20230724,1,-18.274714897357935,395,467280
LTC,20230724,2,-28.98838218881166,168,467280
LTC,20230724,3,-28.818906351838205,119,467280
LTC,20230724,4,-44.95183805080112,60,467280
LTC,20230724,5,-68.64560369230242,38,467280
LTC,20231004,1,0.0842343398206554,20,431319
LTC,20231004,2,0.7830154577326468,3,431319
LTC,20231004,3,5.46182354202697,3,431319
LTC,20231004,4,6.259978207869619,2,431319
LTC,20231004,5,8.618663323669939,1,431319
LTC,20231112,1,-1.2293327458884427,178,531674
LTC,20231112,2,-0.8203721349688963,26,531674
LTC,20231112,3,-1.1808048588884248,15,531674
LTC,20231112,4,6.5455050851422625,5,531674
LTC,20231112,5,,0,531674
LTC,20231130,1,-1.5935358621431948,33,287290
LTC,20231130,2,1.1984216370789744,3,287290
LTC,20231130,3,18.06488908158104,1,287290
LTC,20231130,4,12.21176639609338,1,287290
LTC,20231130,5,,0,287290
LTC,20231218,1,4.870449216906253,166,407590
LTC,20231218,2,9.641962513699458,30,407590
LTC,20231218,3,17.67132592504388,17,407590
LTC,20231218,4,23.694093733864953,7,407590
LTC,20231218,5,32.11165914211325,3,407590
LTC,20240111,1,-0.013970242677439904,572,563784
LTC,20240111,2,0.9687850634256452,204,563784
LTC,20240111,3,0.7191745759989515,80,563784
LTC,20240111,4,5.2761789397492596,52,563784
LTC,20240111,5,1.5392379389925512,37,563784
LTC,20240320,1,-0.3645352545150503,1091,750753
LTC,20240320,2,0.04971367023416842,221,750753
LTC,20240320,3,-3.4170567427847156,67,750753
LTC,20240320,4,2.8072912012834084,29,750753
LTC,20240320,5,3.242292294958225,19,750753
LTC,20240630,1,-2.2835143554760795,109,438361
LTC,20240630,2,-0.24646573092294127,26,438361
LTC,20240630,3,-3.24158578955944,6,438361
LTC,20240630,4,2.078030182903109,3,438361
LTC,20240630,5,9.084075486153411,4,438361
LTC,20240802,1,-1.873233100401133,300,640221
LTC,20240802,2,-1.7066334975031152,38,640221
LTC,20240802,3,0.06547014294897711,22,640221
LTC,20240802,4,3.9541124873761238,17,640221
LTC,20240802,5,5.009382223494431,5,640221
LTC,20241127,1,-0.3246104239730279,1138,772629
LTC,20241127,2,0.7167520018812623,260,772629
LTC,20241127,3,1.1193301058745393,137,772629
LTC,20241127,4,3.1574446029744716,70,772629
LTC,20241127,5,2.2846609734245424,33,772629
LTC,20250228,1,1.027558201462592,4923,796191
LTC,20250228,2,1.7799357891447698,2012,796191
LTC,20250228,3,2.9138532168556575,1100,796191
LTC,20250228,4,2.0306791055779163,625,796191
LTC,20250228,5,5.036008081624642,371,796191
LTC,20250429,1,-0.7324907430115497,294,719712
LTC,20250429,2,0.04190242120917083,58,719712
LTC,20250429,3,-1.2604744260522784,34,719712
LTC,20250429,4,0.5920717549983792,16,719712
LTC,20250429,5,-0.12660822373678263,6,719712
LTC,20250716,1,-0.2265651369257931,662,757023
LTC,20250716,2,0.29695457208297915,151,757023
LTC,20250716,3,-0.2799329179915162,62,757023
LTC,20250716,4,1.0055682689423369,42,757023
LTC,20250716,5,0.5966331987714327,43,757023
LTC,20250816,1,-0.3827941716018811,235,672501
LTC,20250816,2,-0.007934341601605568,76,672501
LTC,20250816,3,1.3612019614750166,26,672501
LTC,20250816,4,3.1414830389631123,16,672501
LTC,20250816,5,2.136333552005889,12,672501
OP,20230410,1,-1.5580638624826988,391,530398
OP,20230410,2,-2.498496955843186,123,530398
OP,20230410,3,-1.6304418381023817,73,530398
OP,20230410,4,-5.213144866588293,43,530398
OP,20230410,5,-2.987808027472022,30,530398
OP,20230416,1,-0.3663126427650652,623,522155
OP,20230416,2,-1.7489360541665646,402,522155
OP,20230416,3,-0.9381877022296958,282,522155
OP,20230416,4,-0.5483658329438749,203,522155
OP,20230416,5,-2.30161809595747,144,522155
OP,20230419,1,-1.3232111592410378,1948,588583
OP,20230419,2,-1.4139398871924727,1218,588583
OP,20230419,3,-2.4827217112100546,835,588583
OP,20230419,4,-1.6390106623308762,703,588583
OP,20230419,5,-1.1996881991248123,513,588583
OP,20230428,1,-0.8993968783924371,697,535003
OP,20230428,2,-1.5835406147746673,543,535003
OP,20230428,3,-1.178837944346955,332,535003
OP,20230428,4,-0.2329681323039843,155,535003
OP,20230428,5,-1.2368475623621955,79,535003
OP,20230802,1,-0.7983312351957637,827,580764
OP,20230802,2,-0.8182873079615554,227,580764
OP,20230802,3,0.7343271298013213,169,580764
OP,20230802,4,1.562676800932316,93,580764
OP,20230802,5,-2.4334842325480923,73,580764
OP,20230817,1,-4.69569445949582,1530,568189
OP,20230817,2,-2.7426952909525415,602,568189
OP,20230817,3,-3.1793600036026635,448,568189
OP,20230817,4,-8.290613186815143,292,568189
OP,20230817,5,-7.016813281659144,222,568189
OP,20230922,1,-2.2628187922298353,92,420038
OP,20230922,2,-2.4619499782210124,31,420038
OP,20230922,3,-1.4815790890460647,24,420038
OP,20230922,4,-0.40212113964559243,18,420038
OP,20230922,5,-1.2513273542525383,9,420038
OP,20230925,1,-0.9709185432750493,90,453510
OP,20230925,2,-0.5549647348459671,26,453510
OP,20230925,3,-1.6246359050418064,19,453510
OP,20230925,4,-3.5983592567316522,11,453510
OP,20230925,5,1.9720608220296847,4,453510
OP,20231025,1,-1.4914094657592285,310,606746
OP,20231025,2,-2.3104982377537353,74,606746
OP,20231025,3,-2.034126094446083,49,606746
OP,20231025,4,-0.8349905696420828,32,606746
OP,20231025,5,-0.4475102679063041,21,606746
OP,20231209,1,-0.8871273239343135,1847,521223
OP,20231209,2,-1.4135970795449937,1074,521223
OP,20231209,3,-0.6992632455797054,755,521223
OP,20231209,4,-0.028944373340415077,570,521223
OP,20231209,5,-2.5619943067937587,382,521223
OP,20231224,1,0.11410431282357807,4303,619963
OP,20231224,2,-0.20923585394134234,1660,619963
OP,20231224,3,-0.2683576026458582,1106,619963
OP,20231224,4,-0.43029460399667646,893,619963
OP,20231224,5,1.4558497337399643,764,619963
OP,20240102,1,-0.7899908406391094,2130,622474
OP,20240102,2,-0.9586149623057849,803,622474
OP,20240102,3,-0.6355717878328315,440,622474
OP,20240102,4,-0.3308925194181621,341,622474
OP,20240102,5,-1.082977963218849,306,622474
OP,20240126,1,-0.6682240444957209,1070,596571
OP,20240126,2,-0.7904484740933764,314,596571
OP,20240126,3,-0.068736647450599,177,596571
OP,20240126,4,-0.10335962524537524,154,596571
OP,20240126,5,-2.901324600112371,141,596571
OP,20240213,1,-1.038216904520836,1406,532454
OP,20240213,2,-1.108632551771011,559,532454
OP,20240213,3,-1.2193305956057712,406,532454
OP,20240213,4,0.8074404515988819,264,532454
OP,20240213,5,0.23599113445669417,228,532454
OP,20240219,1,-0.8371776809102224,1301,545260
OP,20240219,2,-0.47542000009398055,328,545260
OP,20240219,3,-0.9083694312724425,212,545260
OP,20240219,4,-0.9137438650270493,143,545260
OP,20240219,5,1.6146453526549835,121,545260
OP,20240317,1,0.16648900000079103,1110,597398
OP,20240317,2,-0.1946300226512236,289,597398
OP,20240317,3,0.6487133277342242,195,597398
OP,20240317,4,-0.12264984682037722,163,597398
OP,20240317,5,0.8305974143063063,137,597398
OP,20240320,1,-0.7425075612224499,3142,709866
OP,20240320,2,-0.6436791116462276,962,709866
OP,20240320,3,1.307643701726099,712,709866
OP,20240320,4,2.344072984407276,628,709866
OP,20240320,5,0.3605000929079369,499,709866
OP,20240522,1,-0.8087282755933346,1993,686978
OP,20240522,2,-0.6382062571142197,589,686978
OP,20240522,3,-0.047201938747585784,428,686978
OP,20240522,4,-0.26772150460764116,316,686978
OP,20240522,5,0.6220422798816254,259,686978
OP,20240808,1,-0.6348852922960826,1511,759267
OP,20240808,2,-0.23195675077302833,417,759267
OP,20240808,3,2.042646345938631,196,759267
OP,20240808,4,0.785883736937756,93,759267
OP,20240808,5,0.4144344538083379,43,759267
OP,20241218,1,-0.8461619757736871,1982,763745
OP,20241218,2,-0.2259352448147932,777,763745
OP,20241218,3,-1.5610156620856541,697,763745
OP,20241218,4,-2.790246543019341,598,763745
OP,20241218,5,-3.101465363015146,487,763745
OP,20241221,1,-0.5184983297251341,1560,785209
OP,20241221,2,-0.7749030035243955,582,785209
OP,20241221,3,-0.4342265407940239,510,785209
OP,20241221,4,0.9486776290666061,320,785209
OP,20241221,5,0.17885620409890665,267,785209
OP,20250216,1,-0.09292164016391316,419,707381
OP,20250216,2,0.3129631464047036,120,707381
OP,20250216,3,-0.12542824428568752,24,707381
OP,20250216,4,0.5128546689787365,15,707381
OP,20250216,5,5.250463521129175,14,707381
OP,20250222,1,-1.0137385890704977,437,401570
OP,20250222,2,-0.31157757575388434,147,401570
OP,20250222,3,2.3141815622511497,48,401570
OP,20250222,4,0.2502270100490081,20,401570
OP,20250222,5,1.5753818913091977,17,401570
OP,20250225,1,0.32600068323682097,1574,744100
OP,20250225,2,1.506291817582621,720,744100
OP,20250225,3,1.922307198420115,316,744100
OP,20250225,4,6.486497460463508,143,744100
OP,20250225,5,10.935097147372504,74,744100
OP,20250429,1,-0.7392709079065005,249,606040
OP,20250429,2,-0.47653484147974834,38,606040
OP,20250429,3,-2.6053632399994395,11,606040
OP,20250429,4,1.3324779005013414,8,606040
OP,20250429,5,1.9225500514121907,9,606040
OP,20250505,1,-0.5501815733659527,324,591232
OP,20250505,2,1.5996722772919347,43,591232
OP,20250505,3,2.17871369757612,23,591232
OP,20250505,4,3.602962515217763,16,591232
OP,20250505,5,2.153837084288458,12,591232
SOL,20230404,1,-1.0266755541763233,595,565060
SOL,20230404,2,-1.5223492727924857,300,565060
SOL,20230404,3,-1.928739952359982,128,565060
SOL,20230404,4,-0.6802421761063323,55,565060
SOL,20230404,5,-0.3542377088928789,23,565060
SOL,20230419,1,-4.704943485935193,2932,631166
SOL,20230419,2,-4.0343634006729525,1873,631166
SOL,20230419,3,-5.747641815281746,830,631166
SOL,20230419,4,-13.499016785465216,452,631166
SOL,20230419,5,-11.632673073773882,276,631166
SOL,20230510,1,-1.5489099694422166,1929,554843
SOL,20230510,2,-2.5203501373316435,1146,554843
SOL,20230510,3,-2.5527794812914566,455,554843
SOL,20230510,4,2.839205751597565,208,554843
SOL,20230510,5,0.3115451311994735,152,554843
SOL,20230525,1,-0.9569962579786432,492,533646
SOL,20230525,2,-0.9326207719882451,478,533646
SOL,20230525,3,-1.661142198870772,108,533646
SOL,20230525,4,-0.14579974146596997,35,533646
SOL,20230525,5,-1.7975762972496732,18,533646
SOL,20230528,1,-1.940096620561752,606,523165
SOL,20230528,2,-1.2114952279915616,461,523165
SOL,20230528,3,-1.5962631430216516,139,523165
SOL,20230528,4,-0.20243686054575324,54,523165
SOL,20230528,5,-2.4324474836132746,30,523165
SOL,20230618,1,-0.7182231606920467,528,463599
SOL,20230618,2,-1.4203287641183189,388,463599
SOL,20230618,3,1.1504353266792346,102,463599
SOL,20230618,4,4.59465178490392,38,463599
SOL,20230618,5,3.908101376210268,23,463599
SOL,20230718,1,-0.47400189796475367,2576,599312
SOL,20230718,2,-1.2003441498143483,2224,599312
SOL,20230718,3,0.1586886751479518,777,599312
SOL,20230718,4,-0.13639671920779434,382,599312
SOL,20230718,5,0.5613438038552544,219,599312
SOL,20230802,1,0.5232167938095563,977,529390
SOL,20230802,2,-0.7495737510291718,588,529390
SOL,20230802,3,2.693354113222109,240,529390
SOL,20230802,4,3.403011811110459,140,529390
SOL,20230802,5,6.660555479922128,87,529390
SOL,20231013,1,-1.5039007645042701,729,578604
SOL,20231013,2,-1.5784881793381966,563,578604
SOL,20231013,3,-2.282085933900131,216,578604
SOL,20231013,4,-5.14054243804952,111,578604
SOL,20231013,5,0.06843833523151586,71,578604
SOL,20231230,1,-0.4694425516508978,2596,659514
SOL,20231230,2,-0.28865715017371407,699,659514
SOL,20231230,3,0.5730125857161217,293,659514
SOL,20231230,4,0.4435834076807883,236,659514
SOL,20231230,5,-0.30777231756853135,215,659514
SOL,20240129,1,-0.202509146842021,4846,702571
SOL,20240129,2,-0.6440364256887586,1610,702571
SOL,20240129,3,-0.17281168205468808,819,702571
SOL,20240129,4,-0.5509902311997292,698,702571
SOL,20240129,5,-0.04726344568853647,637,702571
SOL,20240219,1,-0.4214517098400911,2680,711516
SOL,20240219,2,0.19173760145276952,682,711516
SOL,20240219,3,-0.20061246687937487,472,711516
SOL,20240219,4,0.03975789492874374,399,711516
SOL,20240219,5,0.16492178673601274,371,711516
SOL,20240317,1,-0.07714872733128418,9915,772706
SOL,20240317,2,-0.5500728095681482,1497,772706
SOL,20240317,3,-0.511987012940407,916,772706
SOL,20240317,4,0.660280060517937,633,772706
SOL,20240317,5,0.07616244477313626,568,772706
SOL,20240428,1,-1.0793326265664551,1115,752309
SOL,20240428,2,-0.6503551957088409,422,752309
SOL,20240428,3,-0.20375732069642605,173,752309
SOL,20240428,4,1.4679201898641856,114,752309
SOL,20240428,5,1.1241613974045814,61,752309
SOL,20240507,1,-1.0168701383617047,2786,800099
SOL,20240507,2,-0.19197082401581173,821,800099
SOL,20240507,3,0.42280995469145516,450,800099
SOL,20240507,4,-0.4069200826252342,298,800099
SOL,20240507,5,-0.045822000784468395,183,800099
SOL,20240712,1,-0.5458510800439627,1988,773903
SOL,20240712,2,-0.1713053004250191,579,773903
SOL,20240712,3,0.2351500673951157,178,773903
SOL,20240712,4,1.1839001782912393,99,773903
SOL,20240712,5,4.127145681403646,39,773903
SOL,20241007,1,-1.1386893387343417,2062,775103
SOL,20241007,2,0.22838214363353518,424,775103
SOL,20241007,3,0.28604327859769535,213,775103
SOL,20241007,4,0.3406148535401306,175,775103
SOL,20241007,5,1.1899498162846673,115,775103
SOL,20250123,1,-0.8209243820647084,12524,800887
SOL,20250123,2,-0.38039474214200636,5320,800887
SOL,20250123,3,-0.10155159536372356,3682,800887
SOL,20250123,4,0.7204262201891631,2665,800887
SOL,20250123,5,0.1744859224890346,2013,800887
SOL,20250502,1,-0.861182590651102,2054,794784
SOL,20250502,2,-0.07610954331822004,327,794784
SOL,20250502,3,2.0229110638062164,140,794784
SOL,20250502,4,1.8810194731418295,72,794784
SOL,20250502,5,2.982673545525488,35,794784
SUI,20230507,1,-0.9058322427988694,104,264854
SUI,20230507,2,-0.41570793809875867,35,264854
SUI,20230507,3,-3.0837382070755996,16,264854
SUI,20230507,4,-2.7950625079420726,22,264854
SUI,20230507,5,-2.0912075422027776,20,264854
SUI,20230612,1,-0.5578773462497634,839,550810
SUI,20230612,2,-0.18098156448388114,199,550810
SUI,20230612,3,-2.004863008674251,122,550810
SUI,20230612,4,-4.248580598685764,106,550810
SUI,20230612,5,0.5170503843902294,80,550810
SUI,20230618,1,-2.325516613078661,633,521806
SUI,20230618,2,-1.4107239217512038,160,521806
SUI,20230618,3,-1.5399766231731895,122,521806
SUI,20230618,4,0.10911139588216992,106,521806
SUI,20230618,5,0.07738785878649172,84,521806
SUI,20230624,1,-1.9509489510111637,319,428798
SUI,20230624,2,-1.4860671734022564,84,428798
SUI,20230624,3,-5.867624433412198,46,428798
SUI,20230624,4,-5.299696105823758,42,428798
SUI,20230624,5,0.7993570697447725,36,428798
SUI,20230808,1,-0.4917539874021432,130,441365
SUI,20230808,2,-1.0440296526477633,19,441365
SUI,20230808,3,0.0806864810554394,15,441365
SUI,20230808,4,0.5297318368619257,12,441365
SUI,20230808,5,0.34913327070119043,14,441365
SUI,20231016,1,-1.322420768420561,277,348445
SUI,20231016,2,-0.7655954968081208,122,348445
SUI,20231016,3,-0.6792044100981621,96,348445
SUI,20231016,4,-3.7927433578230194,68,348445
SUI,20231016,5,0.25904188481186063,49,348445
SUI,20231019,1,-3.4666178892347013,141,352538
SUI,20231019,2,3.912709713015215,47,352538
SUI,20231019,3,-3.0648017991019882,44,352538
SUI,20231019,4,-8.299586141399894,21,352538
SUI,20231019,5,-3.6328827127581578,27,352538
SUI,20231022,1,-3.698553657820315,177,387025
SUI,20231022,2,-3.5687858644412085,86,387025
SUI,20231022,3,-2.9556180713668057,63,387025
SUI,20231022,4,-5.1510489065624485,63,387025
SUI,20231022,5,-5.400928345395205,56,387025
SUI,20231109,1,-3.90392012583544,846,582641
SUI,20231109,2,-6.106751332634807,344,582641
SUI,20231109,3,-7.491126821680041,240,582641
SUI,20231109,4,-3.1630229862602603,163,582641
SUI,20231109,5,0.033215796317195484,124,582641
SUI,20231209,1,0.36541660273987436,235,378456
SUI,20231209,2,-0.6070943369547871,158,378456
SUI,20231209,3,-0.21612636519929673,99,378456
SUI,20231209,4,3.5428287846951014,64,378456
SUI,20231209,5,0.2543720295833957,59,378456
SUI,20240314,1,0.2109092967752965,1291,642204
SUI,20240314,2,0.9791752732181201,642,642204
SUI,20240314,3,2.744160061737263,365,642204
SUI,20240314,4,3.040485087482728,275,642204
SUI,20240314,5,2.829564890279241,176,642204
SUI,20240320,1,-0.9920152703001103,1910,722546
SUI,20240320,2,-0.7296054131934339,894,722546
SUI,20240320,3,0.44651330116768323,664,722546
SUI,20240320,4,-0.5631963364909677,501,722546
SUI,20240320,5,0.3501729665965655,285,722546
SUI,20240603,1,-0.11869241909076954,235,575568
SUI,20240603,2,0.7350080162987177,83,575568
SUI,20240603,3,-0.037576359562950815,40,575568
SUI,20240603,4,1.3781189601889625,25,575568
SUI,20240603,5,0.6716570721419554,24,575568
SUI,20240805,1,-2.2019775930588548,2957,788085
SUI,20240805,2,-2.296481172031633,1275,788085
SUI,20240805,3,-6.3809185225053895,582,788085
SUI,20240805,4,-8.087342599158843,294,788085
SUI,20240805,5,-6.566248265815798,178,788085
SUI,20240829,1,-1.2177984206785586,829,742678
SUI,20240829,2,-1.0753111397002015,207,742678
SUI,20240829,3,-1.253790803502542,104,742678
SUI,20240829,4,-2.4408284200080357,51,742678
SUI,20240829,5,-2.2114809122350785,40,742678
SUI,20241121,1,0.09123040484065051,3810,742800
SUI,20241121,2,-0.6516858274996472,1670,742800
SUI,20241121,3,0.1286712667463193,1224,742800
SUI,20241121,4,-0.029173770456938353,1019,742800
SUI,20241121,5,-0.9101778322960704,832,742800
SUI,20241130,1,-0.31772118304238944,1145,747326
SUI,20241130,2,-0.5002738891231393,493,747326
SUI,20241130,3,-0.11504122490429003,325,747326
SUI,20241130,4,-0.2607649555429494,262,747326
SUI,20241130,5,-0.10874568787403607,207,747326
SUI,20241209,1,-2.155165994174354,5236,773363
SUI,20241209,2,-3.107852531090616,2781,773363
SUI,20241209,3,-2.525872502437693,2236,773363
SUI,20241209,4,-1.9270495965805914,1927,773363
SUI,20241209,5,-5.424005077232152,1565,773363
SUI,20250102,1,-0.46986990028404546,1307,734143
SUI,20250102,2,-0.4930271725979011,619,734143
SUI,20250102,3,-0.3410246006729048,540,734143
SUI,20250102,4,-0.22584144116771904,436,734143
SUI,20250102,5,-0.4820934327569997,367,734143
SUI,20250216,1,-0.5357791019484094,999,691042
SUI,20250216,2,0.2763367483349984,375,691042
SUI,20250216,3,0.6499637034014389,265,691042
SUI,20250216,4,1.084559891039216,191,691042
SUI,20250216,5,0.39930959531521154,189,691042
SUI,20250219,1,-0.19356301824330296,2121,731728
SUI,20250219,2,-0.14759082833168383,891,731728
SUI,20250219,3,-0.48861127104214286,672,731728
SUI,20250219,4,0.0996020014522712,616,731728
SUI,20250219,5,-0.0909228006780456,427,731728
SUI,20250225,1,0.8516972379018981,6873,784125
SUI,20250225,2,0.9114534420833668,2629,784125
SUI,20250225,3,0.7498232793154748,2146,784125
SUI,20250225,4,1.516091970644798,1929,784125
SUI,20250225,5,1.1240384076566636,1491,784125
SUI,20250502,1,-0.2852456405049992,2110,722273
SUI,20250502,2,-0.25307629331212733,691,722273
SUI,20250502,3,-0.13737019206664672,571,722273
SUI,20250502,4,-0.1687384097092253,564,722273
SUI,20250502,5,0.12599383865636837,411,722273
SUI,20250722,1,-0.603319925835482,3255,793408
SUI,20250722,2,-0.3012316326979882,1256,793408
SUI,20250722,3,0.259406829946374,1106,793408
SUI,20250722,4,0.07352756516614448,973,793408
SUI,20250722,5,0.48982472235378005,738,793408
XRP,20230428,1,-1.916716118477292,260,720078
XRP,20230428,2,0.09493907479642805,15,720078
XRP,20230428,3,7.50796495538282,3,720078
XRP,20230428,4,2.099014585344827,4,720078
XRP,20230428,5,5.352745958676212,1,720078
XRP,20230510,1,-1.0469566390899425,443,715949
XRP,20230510,2,3.5501704138082237,100,715949
XRP,20230510,3,-2.0717834874602192,30,715949
XRP,20230510,4,-8.040781715453498,16,715949
XRP,20230510,5,-10.947055311057909,7,715949
XRP,20230522,1,-2.1117226776387295,167,682304
XRP,20230522,2,-1.8470250022674233,14,682304
XRP,20230522,3,-1.0936113697480003,2,682304
XRP,20230522,4,11.929291833857388,1,682304
XRP,20230522,5,-1.0771684323514354,2,682304
XRP,20230525,1,-1.1152395446990317,136,657908
XRP,20230525,2,3.0937787470606493,8,657908
XRP,20230525,3,-1.093248887493872,2,657908
XRP,20230525,4,5.542622769094955,1,657908
XRP,20230525,5,,0,657908
XRP,20230603,1,-0.9809255570597695,106,610959
XRP,20230603,2,3.8880989513730406,12,610959
XRP,20230603,3,0.2797440136899022,5,610959
XRP,20230603,4,-13.451699177464981,3,610959
XRP,20230603,5,-10.317981427632294,1,610959
XRP,20230814,1,-0.9239489725739322,117,524519
XRP,20230814,2,0.8159382799499517,12,524519
XRP,20230814,3,12.332656348853341,5,524519
XRP,20230814,4,,0,524519
XRP,20230814,5,0.7907013520992251,1,524519
XRP,20230820,1,-0.16507256545958982,669,604870
XRP,20230820,2,5.212119104071404,100,604870
XRP,20230820,3,-1.0578360445415933,28,604870
XRP,20230820,4,1.7459088280296953,16,604870
XRP,20230820,5,7.737351392478067,9,604870
XRP,20230913,1,-3.838308608225712,368,558778
XRP,20230913,2,-13.015184283508102,129,558778
XRP,20230913,3,-23.379117519848624,50,558778
XRP,20230913,4,-25.10388592603917,28,558778
XRP,20230913,5,-23.59410231864757,13,558778
XRP,20231004,1,-1.1077867229977145,542,597367
XRP,20231004,2,2.3474469553299104,70,597367
XRP,20231004,3,4.243106516212624,20,597367
XRP,20231004,4,-6.246036830709792,7,597367
XRP,20231004,5,-3.520697991442726,5,597367
XRP,20231016,1,-0.3787363799605683,418,494675
XRP,20231016,2,-2.2709815711656662,78,494675
XRP,20231016,3,-6.082438450593195,20,494675
XRP,20231016,4,-3.185587273942906,12,494675
XRP,20231016,5,5.412666562142054,5,494675
XRP,20231025,1,-1.7695069935079248,347,591982
XRP,20231025,2,-1.114465210965036,56,591982
XRP,20231025,3,2.1764864617620883,13,591982
XRP,20231025,4,-4.7965304710140835,9,591982
XRP,20231025,5,-3.6292001596998555,11,591982
XRP,20240117,1,0.13830235384880943,152,545606
XRP,20240117,2,-3.6689912293583995,25,545606
XRP,20240117,3,-3.7952854500992537,12,545606
XRP,20240117,4,-6.916706864001276,7,545606
XRP,20240117,5,-10.22076393940967,6,545606
XRP,20240507,1,-1.088486403034257,276,618142
XRP,20240507,2,1.08392379806655,42,618142
XRP,20240507,3,3.2283568746510056,16,618142
XRP,20240507,4,-0.9198468189855974,11,618142
XRP,20240507,5,-0.9347591290832721,2,618142
XRP,20240709,1,-0.2734605422403118,269,655585
XRP,20240709,2,5.171697433633869,15,655585
XRP,20240709,3,10.0899695152674,7,655585
XRP,20240709,4,12.725448193052573,4,655585
XRP,20240709,5,16.17165250226959,2,655585
XRP,20240802,1,-1.080509310026164,1325,743976
XRP,20240802,2,1.3249809454595043,171,743976
XRP,20240802,3,-0.5862310179462757,54,743976
XRP,20240802,4,-0.15393839482969562,44,743976
XRP,20240802,5,1.3160080267361087,17,743976
XRP,20240901,1,-0.9382898268872886,247,703416
XRP,20240901,2,3.141749352715878,31,703416
XRP,20240901,3,2.435596517071954,19,703416
XRP,20240901,4,6.350445913614501,5,703416
XRP,20240901,5,4.456487682570808,4,703416
XRP,20241115,1,-0.6117702610230137,12802,801303
XRP,20241115,2,-0.5603779515925951,3564,801303
XRP,20241115,3,0.04795625782254131,1587,801303
XRP,20241115,4,1.0810651261875974,927,801303
XRP,20241115,5,1.5311697911914022,521,801303
XRP,20241121,1,-0.49657733329878273,10227,797389
XRP,20241121,2,0.05694725584344159,2795,797389
XRP,20241121,3,0.19022279987481971,1562,797389
XRP,20241121,4,2.068869887026676,910,797389
XRP,20241121,5,2.4776575156295984,540,797389
XRP,20250105,1,-0.6182776434836555,2281,790246
XRP,20250105,2,-0.20670656391503134,676,790246
XRP,20250105,3,0.3698129899621268,379,790246
XRP,20250105,4,1.2452628110030706,243,790246
XRP,20250105,5,1.4404835881941607,172,790246
XRP,20250114,1,-0.6613482573139502,4706,808147
XRP,20250114,2,-0.550862987449955,1775,808147
XRP,20250114,3,-0.34898541539855477,1016,808147
XRP,20250114,4,0.5355835582179889,598,808147
XRP,20250114,5,0.6842853706957006,432,808147
XRP,20250204,1,-0.7817671175963938,14207,811767
XRP,20250204,2,-0.8067656958895848,5885,811767
XRP,20250204,3,-0.30752279924327397,3705,811767
XRP,20250204,4,-0.060972769015002065,2859,811767
XRP,20250204,5,0.4540950310122737,2152,811767
XRP,20250210,1,-0.4641212070335466,5235,797388
XRP,20250210,2,-0.7663685164234312,1857,797388
XRP,20250210,3,-0.3250544645628953,923,797388
XRP,20250210,4,-0.26387249541870356,512,797388
XRP,20250210,5,-0.1300909792298733,318,797388
XRP,20250213,1,-0.47259172804740307,3961,797280
XRP,20250213,2,-0.5352328708833931,1503,797280
XRP,20250213,3,-0.749109087325395,836,797280
XRP,20250213,4,-0.7062023159052506,517,797280
XRP,20250213,5,-0.7271368247805428,289,797280
XRP,20250225,1,-0.5441757310510834,13114,810314
XRP,20250225,2,-0.29790873212743696,5503,810314
XRP,20250225,3,0.19869224266380037,3153,810314
XRP,20250225,4,0.3924380744824401,2102,810314
XRP,20250225,5,0.9824177206224721,1310,810314
XRP,20250719,1,-0.6918189577686417,3508,801353
XRP,20250719,2,-0.674353796002593,1029,801353
XRP,20250719,3,-0.33359436279734944,765,801353
XRP,20250719,4,-0.14685050076200798,621,801353
XRP,20250719,5,0.16231876732108014,376,801353
